V_in,R_in,R_sys,freq,C_DC,C_EXT,C_casc,diode,opamp,eff
0.5 V,100 Ω,5 kΩ,10 Hz,100 μFµF,100 μFµF,1 μF,NSRLL30XV2,LMR1901YG-M,0.9875751282062528
0.5 V,100 Ω,5 kΩ,25 Hz,47 μFµF,100 μFµF,1 μF,NSRLL30XV2,LMR1901YG-M,0.9915431623251661
0.5 V,100 Ω,5 kΩ,40 Hz,100 μFµF,100 μFµF,1 μF,NSRLL30XV2,LMR1901YG-M,0.9907835397119364
0.5 V,100 Ω,5 kΩ,55 Hz,100 μFµF,100 μFµF,1 μF,NSRLL30XV2,LMR1901YG-M,0.9910366743996979
0.5 V,100 Ω,10 kΩ,10 Hz,100 μFµF,100 μFµF,1 μF,NSRLL30XV2,LMR1901YG-M,0.9818387471300021
0.5 V,100 Ω,10 kΩ,25 Hz,100 μFµF,100 μFµF,1 μF,NSRLL30XV2,LMR1901YG-M,0.9844839685547025
0.5 V,100 Ω,10 kΩ,40 Hz,100 μFµF,100 μFµF,1 μF,NSRLL30XV2,LMR1901YG-M,0.9841106039736105
0.5 V,100 Ω,10 kΩ,55 Hz,47 μFµF,100 μFµF,1 μF,NSRLL30XV2,LMR1901YG-M,0.98408952410692
0.5 V,100 Ω,20 kΩ,10 Hz,100 μFµF,100 μFµF,1 μF,NSRLL30XV2,LMR1901YG-M,0.9692066151707837
0.5 V,100 Ω,20 kΩ,25 Hz,100 μFµF,47 μFµF,1 μF,NSRLL30XV2,LMR1901YG-M,0.9710620907772323
0.5 V,100 Ω,20 kΩ,40 Hz,47 μFµF,100 μFµF,1 μF,NSRLL30XV2,LMR1901YG-M,0.9708463631693827
0.5 V,100 Ω,20 kΩ,55 Hz,47 μFµF,100 μFµF,1 μF,NSRLL30XV2,LMR1901YG-M,0.9707885715403913
0.5 V,100 Ω,50 kΩ,10 Hz,100 μFµF,100 μFµF,1 μF,NSRLL30XV2,LMR1901YG-M,0.9340036857867335
0.5 V,100 Ω,50 kΩ,25 Hz,47 μFµF,47 μFµF,1 μF,NSRLL30XV2,LMR1901YG-M,0.9339349512336729
0.5 V,100 Ω,50 kΩ,40 Hz,100 μFµF,47 μFµF,1 μF,NSRLL30XV2,LMR1901YG-M,0.9333428610400317
0.5 V,100 Ω,50 kΩ,55 Hz,47 μFµF,47 μFµF,1 μF,NSRLL30XV2,LMR1901YG-M,0.9331284939098454
0.5 V,200 Ω,5 kΩ,10 Hz,100 μFµF,100 μFµF,1 μF,NSRLL30XV2,LMR1901YG-M,0.9869356873764356
0.5 V,200 Ω,5 kΩ,25 Hz,100 μFµF,100 μFµF,1 μF,NSRLL30XV2,LMR1901YG-M,0.9900366952065326
0.5 V,200 Ω,5 kΩ,40 Hz,100 μFµF,100 μFµF,1 μF,NSRLL30XV2,LMR1901YG-M,0.9896514280980833
0.5 V,200 Ω,5 kΩ,55 Hz,100 μFµF,100 μFµF,1 μF,NSRLL30XV2,LMR1901YG-M,0.9897142135682732
0.5 V,200 Ω,10 kΩ,10 Hz,100 μFµF,100 μFµF,1 μF,NSRLL30XV2,LMR1901YG-M,0.980945319662894
0.5 V,200 Ω,10 kΩ,25 Hz,47 μFµF,100 μFµF,1 μF,NSRLL30XV2,LMR1901YG-M,0.9828742676502685
0.5 V,200 Ω,10 kΩ,40 Hz,100 μFµF,100 μFµF,1 μF,NSRLL30XV2,LMR1901YG-M,0.9826464889627563
0.5 V,200 Ω,10 kΩ,55 Hz,100 μFµF,100 μFµF,1 μF,NSRLL30XV2,LMR1901YG-M,0.982639043245168
0.5 V,200 Ω,20 kΩ,10 Hz,100 μFµF,100 μFµF,1 μF,NSRLL30XV2,LMR1901YG-M,0.9683902754989797
0.5 V,200 Ω,20 kΩ,25 Hz,100 μFµF,100 μFµF,1 μF,NSRLL30XV2,LMR1901YG-M,0.96917560898055
0.5 V,200 Ω,20 kΩ,40 Hz,100 μFµF,100 μFµF,1 μF,NSRLL30XV2,LMR1901YG-M,0.9690021735920715
0.5 V,200 Ω,20 kΩ,55 Hz,100 μFµF,100 μFµF,1 μF,NSRLL30XV2,LMR1901YG-M,0.968953468073764
0.5 V,200 Ω,50 kΩ,10 Hz,100 μFµF,100 μFµF,1 μF,NSRLL30XV2,LMR1901YG-M,0.9316462558727766
0.5 V,200 Ω,50 kΩ,25 Hz,100 μFµF,47 μFµF,1 μF,NSRLL30XV2,LMR1901YG-M,0.9315073327394714
0.5 V,200 Ω,50 kΩ,40 Hz,100 μFµF,47 μFµF,1 μF,NSRLL30XV2,LMR1901YG-M,0.9313437376217968
0.5 V,200 Ω,50 kΩ,55 Hz,47 μFµF,47 μFµF,1 μF,NSRLL30XV2,LMR1901YG-M,0.9309764484432547
0.5 V,500 Ω,5 kΩ,40 Hz,100 μFµF,100 μFµF,1 μF,NSRLL30XV2,TLV8802,0.9798263264619708
0.5 V,500 Ω,5 kΩ,55 Hz,100 μFµF,100 μFµF,1 μF,NSRLL30XV2,TLV8802,0.9798657279663324
0.5 V,500 Ω,10 kΩ,10 Hz,100 μFµF,100 μFµF,1 μF,NSRLL30XV2,LMR1901YG-M,0.9779414169148738
0.5 V,500 Ω,10 kΩ,25 Hz,100 μFµF,100 μFµF,1 μF,NSRLL30XV2,LMR1901YG-M,0.9790810343017454
0.5 V,500 Ω,10 kΩ,40 Hz,100 μFµF,100 μFµF,1 μF,NSRLL30XV2,LMR1901YG-M,0.9791058026343308
0.5 V,500 Ω,10 kΩ,55 Hz,100 μFµF,100 μFµF,1 μF,NSRLL30XV2,LMR1901YG-M,0.9791007087281086
0.5 V,500 Ω,20 kΩ,10 Hz,100 μFµF,100 μFµF,1 μF,NSRLL30XV2,LMR1901YG-M,0.964714460517196
0.5 V,500 Ω,20 kΩ,25 Hz,100 μFµF,100 μFµF,1 μF,NSRLL30XV2,LMR1901YG-M,0.9650140477054331
0.5 V,500 Ω,20 kΩ,40 Hz,100 μFµF,47 μFµF,1 μF,NSRLL30XV2,LMR1901YG-M,0.9649662500932311
0.5 V,500 Ω,20 kΩ,55 Hz,100 μFµF,47 μFµF,1 μF,NSRLL30XV2,LMR1901YG-M,0.9648259831711019
0.5 V,500 Ω,50 kΩ,10 Hz,100 μFµF,100 μFµF,1 μF,NSRLL30XV2,LMR1901YG-M,0.92642603714087
0.5 V,500 Ω,50 kΩ,25 Hz,100 μFµF,47 μFµF,1 μF,NSRLL30XV2,LMR1901YG-M,0.925921894273007
0.5 V,500 Ω,50 kΩ,40 Hz,100 μFµF,100 μFµF,1 μF,NSRLL30XV2,LMR1901YG-M,0.9258643943739464
0.5 V,500 Ω,50 kΩ,55 Hz,100 μFµF,100 μFµF,1 μF,NSRLL30XV2,LMR1901YG-M,0.9257435646089501
0.5 V,1000 Ω,10 kΩ,25 Hz,100 μFµF,100 μFµF,1 μF,NSRLL30XV2,TLV8802,0.9607902683267489
0.5 V,1000 Ω,10 kΩ,40 Hz,100 μFµF,100 μFµF,1 μF,NSRLL30XV2,TLV8802,0.9608098655943664
0.5 V,1000 Ω,10 kΩ,55 Hz,100 μFµF,100 μFµF,1 μF,NSRLL30XV2,TLV8802,0.9607379348557238
0.5 V,1000 Ω,20 kΩ,10 Hz,100 μFµF,100 μFµF,1 μF,NSRLL30XV2,LMR1901YG-M,0.959143832007041
0.5 V,1000 Ω,20 kΩ,25 Hz,100 μFµF,100 μFµF,1 μF,NSRLL30XV2,LMR1901YG-M,0.9591290826604939
0.5 V,1000 Ω,20 kΩ,40 Hz,100 μFµF,100 μFµF,1 μF,NSRLL30XV2,LMR1901YG-M,0.9592102302631179
0.5 V,1000 Ω,20 kΩ,55 Hz,100 μFµF,100 μFµF,1 μF,NSRLL30XV2,LMR1901YG-M,0.9591372277865219
0.5 V,1000 Ω,50 kΩ,10 Hz,100 μFµF,100 μFµF,1 μF,NSRLL30XV2,LMR1901YG-M,0.919696509065788
0.5 V,1000 Ω,50 kΩ,25 Hz,47 μFµF,100 μFµF,1 μF,NSRLL30XV2,LMR1901YG-M,0.9190894414854045
0.5 V,1000 Ω,50 kΩ,40 Hz,47 μFµF,100 μFµF,1 μF,NSRLL30XV2,LMR1901YG-M,0.9190543166414343
0.5 V,1000 Ω,50 kΩ,55 Hz,47 μFµF,100 μFµF,1 μF,NSRLL30XV2,LMR1901YG-M,0.9189521031377389
0.75 V,100 Ω,5 kΩ,10 Hz,100 μFµF,100 μFµF,1 μF,NSRLL30XV2,LMR1901YG-M,0.9911495487742702
0.75 V,100 Ω,5 kΩ,25 Hz,47 μFµF,100 μFµF,1 μF,NSRLL30XV2,LMR1901YG-M,0.9946978269945351
0.75 V,100 Ω,5 kΩ,40 Hz,100 μFµF,100 μFµF,1 μF,NSRLL30XV2,LMR1901YG-M,0.9936738568643113
0.75 V,100 Ω,5 kΩ,55 Hz,100 μFµF,100 μFµF,1 μF,NSRLL30XV2,LMR1901YG-M,0.9938988103355666
0.75 V,100 Ω,10 kΩ,10 Hz,100 μFµF,100 μFµF,1 μF,NSRLL30XV2,LMR1901YG-M,0.9873895251997358
0.75 V,100 Ω,10 kΩ,25 Hz,100 μFµF,47 μFµF,1 μF,NSRLL30XV2,LMR1901YG-M,0.9898207680100826
0.75 V,100 Ω,10 kΩ,40 Hz,100 μFµF,100 μFµF,1 μF,NSRLL30XV2,LMR1901YG-M,0.9892529378513063
0.75 V,100 Ω,10 kΩ,55 Hz,47 μFµF,100 μFµF,1 μF,NSRLL30XV2,LMR1901YG-M,0.9892449161490593
0.75 V,100 Ω,20 kΩ,10 Hz,100 μFµF,100 μFµF,1 μF,NSRLL30XV2,LMR1901YG-M,0.9787549671264678
0.75 V,100 Ω,20 kΩ,25 Hz,100 μFµF,47 μFµF,1 μF,NSRLL30XV2,LMR1901YG-M,0.9806208146726095
0.75 V,100 Ω,20 kΩ,40 Hz,47 μFµF,100 μFµF,1 μF,NSRLL30XV2,LMR1901YG-M,0.9802925148983502
0.75 V,100 Ω,20 kΩ,55 Hz,47 μFµF,100 μFµF,1 μF,NSRLL30XV2,LMR1901YG-M,0.9802345669812228
0.75 V,100 Ω,50 kΩ,10 Hz,100 μFµF,100 μFµF,1 μF,NSRLL30XV2,LMR1901YG-M,0.9547521966069866
0.75 V,100 Ω,50 kΩ,25 Hz,47 μFµF,47 μFµF,1 μF,NSRLL30XV2,LMR1901YG-M,0.9550571890366416
0.75 V,100 Ω,50 kΩ,40 Hz,100 μFµF,47 μFµF,1 μF,NSRLL30XV2,LMR1901YG-M,0.9543448708067931
0.75 V,100 Ω,50 kΩ,55 Hz,100 μFµF,10 μFµF,1 μF,NSRLL30XV2,LMR1901YG-M,0.9542841253012423
0.75 V,200 Ω,5 kΩ,10 Hz,100 μFµF,100 μFµF,1 μF,NSRLL30XV2,LMR1901YG-M,0.9908160961688086
0.75 V,200 Ω,5 kΩ,25 Hz,100 μFµF,100 μFµF,1 μF,NSRLL30XV2,LMR1901YG-M,0.9933998031680156
0.75 V,200 Ω,5 kΩ,40 Hz,100 μFµF,100 μFµF,1 μF,NSRLL30XV2,LMR1901YG-M,0.9929341099433121
0.75 V,200 Ω,5 kΩ,55 Hz,100 μFµF,100 μFµF,1 μF,NSRLL30XV2,LMR1901YG-M,0.9929756728125098
0.75 V,200 Ω,10 kΩ,10 Hz,100 μFµF,100 μFµF,1 μF,NSRLL30XV2,LMR1901YG-M,0.9868430081551599
0.75 V,200 Ω,10 kΩ,25 Hz,47 μFµF,100 μFµF,1 μF,NSRLL30XV2,LMR1901YG-M,0.9886059569777274
0.75 V,200 Ω,10 kΩ,40 Hz,100 μFµF,100 μFµF,1 μF,NSRLL30XV2,LMR1901YG-M,0.9882598862124204
0.75 V,200 Ω,10 kΩ,55 Hz,100 μFµF,100 μFµF,1 μF,NSRLL30XV2,LMR1901YG-M,0.9882547308907624
0.75 V,200 Ω,20 kΩ,10 Hz,100 μFµF,100 μFµF,1 μF,NSRLL30XV2,LMR1901YG-M,0.9783956609754868
0.75 V,200 Ω,20 kΩ,25 Hz,47 μFµF,100 μFµF,1 μF,NSRLL30XV2,LMR1901YG-M,0.9792020433000699
0.75 V,200 Ω,20 kΩ,40 Hz,47 μFµF,100 μFµF,1 μF,NSRLL30XV2,LMR1901YG-M,0.9790203569452222
0.75 V,200 Ω,20 kΩ,55 Hz,100 μFµF,100 μFµF,1 μF,NSRLL30XV2,LMR1901YG-M,0.9789680653337461
0.75 V,200 Ω,50 kΩ,10 Hz,47 μFµF,100 μFµF,1 μF,NSRLL30XV2,LMR1901YG-M,0.9524705184319279
0.75 V,200 Ω,50 kΩ,25 Hz,100 μFµF,47 μFµF,1 μF,NSRLL30XV2,LMR1901YG-M,0.9531604324572028
0.75 V,200 Ω,50 kΩ,40 Hz,100 μFµF,47 μFµF,1 μF,NSRLL30XV2,LMR1901YG-M,0.9531037816815368
0.75 V,200 Ω,50 kΩ,55 Hz,47 μFµF,47 μFµF,1 μF,NSRLL30XV2,LMR1901YG-M,0.9527227692279419
0.75 V,500 Ω,5 kΩ,40 Hz,100 μFµF,100 μFµF,1 μF,NSRLL30XV2,LMR1901YG-M,0.9909066650765389
0.75 V,500 Ω,5 kΩ,55 Hz,100 μFµF,100 μFµF,1 μF,NSRLL30XV2,LMR1901YG-M,0.9909713305457744
0.75 V,500 Ω,10 kΩ,10 Hz,100 μFµF,100 μFµF,1 μF,NSRLL30XV2,LMR1901YG-M,0.9847952230531807
0.75 V,500 Ω,10 kΩ,25 Hz,100 μFµF,100 μFµF,1 μF,NSRLL30XV2,LMR1901YG-M,0.9858496685245753
0.75 V,500 Ω,10 kΩ,40 Hz,100 μFµF,100 μFµF,1 μF,NSRLL30XV2,LMR1901YG-M,0.9858765435976038
0.75 V,500 Ω,10 kΩ,55 Hz,100 μFµF,100 μFµF,1 μF,NSRLL30XV2,LMR1901YG-M,0.9858875989805819
0.75 V,500 Ω,20 kΩ,10 Hz,100 μFµF,100 μFµF,1 μF,NSRLL30XV2,LMR1901YG-M,0.9758766533355064
0.75 V,500 Ω,20 kΩ,25 Hz,100 μFµF,100 μFµF,1 μF,NSRLL30XV2,LMR1901YG-M,0.9763704794874173
0.75 V,500 Ω,20 kΩ,40 Hz,100 μFµF,100 μFµF,1 μF,NSRLL30XV2,LMR1901YG-M,0.9761412320777013
0.75 V,500 Ω,20 kΩ,55 Hz,47 μFµF,47 μFµF,1 μF,NSRLL30XV2,LMR1901YG-M,0.9762051398230016
0.75 V,500 Ω,50 kΩ,10 Hz,100 μFµF,100 μFµF,1 μF,NSRLL30XV2,LMR1901YG-M,0.9494025388615959
0.75 V,500 Ω,50 kΩ,25 Hz,47 μFµF,100 μFµF,1 μF,NSRLL30XV2,LMR1901YG-M,0.9491954553631885
0.75 V,500 Ω,50 kΩ,40 Hz,100 μFµF,100 μFµF,1 μF,NSRLL30XV2,LMR1901YG-M,0.9492072698210156
0.75 V,500 Ω,50 kΩ,55 Hz,100 μFµF,100 μFµF,1 μF,NSRLL30XV2,LMR1901YG-M,0.9490921288254515
0.75 V,1000 Ω,10 kΩ,25 Hz,100 μFµF,100 μFµF,1 μF,NSRLL30XV2,LMR1901YG-M,0.9823795477699323
0.75 V,1000 Ω,10 kΩ,40 Hz,100 μFµF,100 μFµF,1 μF,NSRLL30XV2,LMR1901YG-M,0.982467615260891
0.75 V,1000 Ω,10 kΩ,55 Hz,100 μFµF,100 μFµF,1 μF,NSRLL30XV2,LMR1901YG-M,0.982396428158632
0.75 V,1000 Ω,20 kΩ,10 Hz,100 μFµF,100 μFµF,1 μF,NSRLL30XV2,LMR1901YG-M,0.9720484801831758
0.75 V,1000 Ω,20 kΩ,25 Hz,100 μFµF,100 μFµF,1 μF,NSRLL30XV2,LMR1901YG-M,0.9723011979333168
0.75 V,1000 Ω,20 kΩ,40 Hz,100 μFµF,100 μFµF,1 μF,NSRLL30XV2,LMR1901YG-M,0.9724368293489423
0.75 V,1000 Ω,20 kΩ,55 Hz,47 μFµF,100 μFµF,1 μF,NSRLL30XV2,LMR1901YG-M,0.9723318784877834
0.75 V,1000 Ω,50 kΩ,10 Hz,100 μFµF,100 μFµF,1 μF,NSRLL30XV2,LMR1901YG-M,0.9446652996064495
0.75 V,1000 Ω,50 kΩ,25 Hz,47 μFµF,100 μFµF,1 μF,NSRLL30XV2,LMR1901YG-M,0.9445065452806203
0.75 V,1000 Ω,50 kΩ,40 Hz,47 μFµF,100 μFµF,1 μF,NSRLL30XV2,LMR1901YG-M,0.9445273538731705
0.75 V,1000 Ω,50 kΩ,55 Hz,47 μFµF,100 μFµF,1 μF,NSRLL30XV2,LMR1901YG-M,0.9444344822618432
1 V,100 Ω,5 kΩ,10 Hz,100 μFµF,100 μFµF,1 μF,NSRLL30XV2,TLV2401,0.9695439722171212
1 V,100 Ω,5 kΩ,25 Hz,100 μFµF,100 μFµF,47 μF,NSRLL30XV2,LMR1901YG-M,0.9841964427002917
1 V,100 Ω,5 kΩ,40 Hz,100 μFµF,100 μFµF,10 μF,NSRLL30XV2,LMR1901YG-M,0.9943729877371921
1 V,100 Ω,5 kΩ,55 Hz,100 μFµF,100 μFµF,1 μF,NSRLL30XV2,LMR1901YG-M,0.9953517477817934
1 V,100 Ω,10 kΩ,10 Hz,100 μFµF,100 μFµF,1 μF,NSRLL30XV2,TLV2401,0.9538584378235522
1 V,100 Ω,10 kΩ,25 Hz,100 μFµF,100 μFµF,1 μF,NSRLL30XV2,TLV2401,0.9549704821854572
1 V,100 Ω,10 kΩ,40 Hz,100 μFµF,100 μFµF,1 μF,NSRLL30XV2,TLV2401,0.9546093576887682
1 V,100 Ω,10 kΩ,55 Hz,100 μFµF,100 μFµF,1 μF,NSRLL30XV2,TLV2401,0.9544339439615827
1 V,100 Ω,20 kΩ,10 Hz,100 μFµF,100 μFµF,1 μF,NSRLL30XV2,TLV2401,0.9226458193033453
1 V,100 Ω,20 kΩ,25 Hz,100 μFµF,100 μFµF,1 μF,NSRLL30XV2,TLV2401,0.9196270767199628
1 V,100 Ω,20 kΩ,40 Hz,47 μFµF,100 μFµF,1 μF,NSRLL30XV2,TLV2401,0.9183765704274219
1 V,100 Ω,20 kΩ,55 Hz,100 μFµF,100 μFµF,1 μF,NSRLL30XV2,TLV2401,0.9181037953246366
1 V,100 Ω,50 kΩ,10 Hz,100 μFµF,100 μFµF,1 μF,NSRLL30XV2,TLV2401,0.8390069571154578
1 V,100 Ω,50 kΩ,25 Hz,47 μFµF,100 μFµF,1 μF,NSRLL30XV2,TLV2401,0.8280105187478275
1 V,100 Ω,50 kΩ,40 Hz,100 μFµF,100 μFµF,1 μF,NSRLL30XV2,TLV2401,0.8257538749407892
1 V,100 Ω,50 kΩ,55 Hz,100 μFµF,47 μFµF,1 μF,NSRLL30XV2,TLV2401,0.82462141525363
1 V,200 Ω,5 kΩ,10 Hz,100 μFµF,100 μFµF,1 μF,NSRLL30XV2,LMR1901YG-M,0.9928442515956907
1 V,200 Ω,5 kΩ,25 Hz,47 μFµF,100 μFµF,1 μF,NSRLL30XV2,LMR1901YG-M,0.9951886504674377
1 V,200 Ω,5 kΩ,40 Hz,100 μFµF,100 μFµF,1 μF,NSRLL30XV2,LMR1901YG-M,0.9946069828239943
1 V,200 Ω,5 kΩ,55 Hz,47 μFµF,47 μFµF,1 μF,NSRLL30XV2,LMR1901YG-M,0.9946644943626961
1 V,200 Ω,10 kΩ,10 Hz,100 μFµF,100 μFµF,47 μF,NSRLL30XV2,LMR1901YG-M,0.953511569648563
1 V,200 Ω,10 kΩ,25 Hz,100 μFµF,100 μFµF,1 μF,NSRLL30XV2,LMR1901YG-M,0.9913014047022195
1 V,200 Ω,10 kΩ,40 Hz,100 μFµF,100 μFµF,1 μF,NSRLL30XV2,LMR1901YG-M,0.9911097014425081
1 V,200 Ω,10 kΩ,55 Hz,100 μFµF,100 μFµF,1 μF,NSRLL30XV2,LMR1901YG-M,0.9911040732410101
1 V,200 Ω,20 kΩ,10 Hz,100 μFµF,100 μFµF,1 μF,NSRLL30XV2,TLV2401,0.9190917133651485
1 V,200 Ω,20 kΩ,25 Hz,100 μFµF,100 μFµF,1 μF,NSRLL30XV2,TLV2401,0.9146302762842384
1 V,200 Ω,20 kΩ,40 Hz,100 μFµF,100 μFµF,1 μF,NSRLL30XV2,TLV2401,0.9133799574914336
1 V,200 Ω,20 kΩ,55 Hz,100 μFµF,100 μFµF,1 μF,NSRLL30XV2,TLV2401,0.9129266579151146
1 V,200 Ω,50 kΩ,10 Hz,100 μFµF,100 μFµF,1 μF,NSRLL30XV2,TLV2401,0.8344810118040786
1 V,200 Ω,50 kΩ,25 Hz,47 μFµF,100 μFµF,1 μF,NSRLL30XV2,TLV2401,0.8223748483025852
1 V,200 Ω,50 kΩ,40 Hz,100 μFµF,100 μFµF,1 μF,NSRLL30XV2,TLV2401,0.8197972411559297
1 V,200 Ω,50 kΩ,55 Hz,100 μFµF,100 μFµF,1 μF,NSRLL30XV2,TLV2401,0.8190010013346046
1 V,500 Ω,5 kΩ,40 Hz,100 μFµF,100 μFµF,1 μF,NSRLL30XV2,LMR1901YG-M,0.9931419800182008
1 V,500 Ω,5 kΩ,55 Hz,100 μFµF,100 μFµF,1 μF,NSRLL30XV2,LMR1901YG-M,0.9931421935098227
1 V,500 Ω,10 kΩ,10 Hz,100 μFµF,100 μFµF,1 μF,NSRLL30XV2,LMR1901YG-M,0.9883908043259976
1 V,500 Ω,10 kΩ,25 Hz,100 μFµF,100 μFµF,1 μF,NSRLL30XV2,LMR1901YG-M,0.9892957904407704
1 V,500 Ω,10 kΩ,40 Hz,100 μFµF,100 μFµF,1 μF,NSRLL30XV2,LMR1901YG-M,0.9893131615336811
1 V,500 Ω,10 kΩ,55 Hz,100 μFµF,100 μFµF,1 μF,NSRLL30XV2,LMR1901YG-M,0.9893300132240358
1 V,500 Ω,20 kΩ,10 Hz,100 μFµF,100 μFµF,1 μF,NSRLL30XV2,LMR1901YG-M,0.9816847875757739
1 V,500 Ω,20 kΩ,25 Hz,100 μFµF,100 μFµF,1 μF,NSRLL30XV2,LMR1901YG-M,0.9821746269014803
1 V,500 Ω,20 kΩ,40 Hz,100 μFµF,47 μFµF,1 μF,NSRLL30XV2,LMR1901YG-M,0.9821439097857071
1 V,500 Ω,20 kΩ,55 Hz,47 μFµF,47 μFµF,1 μF,NSRLL30XV2,LMR1901YG-M,0.9820208110001788
1 V,500 Ω,50 kΩ,10 Hz,100 μFµF,100 μFµF,1 μF,NSRLL30XV2,TLV2401,0.824830222600287
1 V,500 Ω,50 kΩ,25 Hz,100 μFµF,100 μFµF,1 μF,NSRLL30XV2,TLV2401,0.8102074411873454
1 V,500 Ω,50 kΩ,40 Hz,100 μFµF,100 μFµF,1 μF,NSRLL30XV2,TLV2401,0.8074452483917604
1 V,500 Ω,50 kΩ,55 Hz,100 μFµF,100 μFµF,1 μF,NSRLL30XV2,TLV2401,0.8065275418004172
1 V,1000 Ω,10 kΩ,25 Hz,100 μFµF,100 μFµF,1 μF,NSRLL30XV2,LMR1901YG-M,0.9866627013991949
1 V,1000 Ω,10 kΩ,40 Hz,100 μFµF,100 μFµF,1 μF,NSRLL30XV2,LMR1901YG-M,0.9867460827015515
1 V,1000 Ω,10 kΩ,55 Hz,100 μFµF,100 μFµF,1 μF,NSRLL30XV2,LMR1901YG-M,0.9867649104365842
1 V,1000 Ω,20 kΩ,10 Hz,100 μFµF,100 μFµF,1 μF,NSRLL30XV2,LMR1901YG-M,0.9787698298140002
1 V,1000 Ω,20 kΩ,25 Hz,100 μFµF,100 μFµF,1 μF,NSRLL30XV2,LMR1901YG-M,0.9790392055329594
1 V,1000 Ω,20 kΩ,40 Hz,100 μFµF,100 μFµF,1 μF,NSRLL30XV2,LMR1901YG-M,0.979197746569163
1 V,1000 Ω,20 kΩ,55 Hz,100 μFµF,100 μFµF,1 μF,NSRLL30XV2,LMR1901YG-M,0.9791365095990217
1 V,1000 Ω,50 kΩ,10 Hz,100 μFµF,100 μFµF,1 μF,NSRLL30XV2,LMR1901YG-M,0.9577639318981815
1 V,1000 Ω,50 kΩ,25 Hz,47 μFµF,100 μFµF,1 μF,NSRLL30XV2,LMR1901YG-M,0.9577703479958809
1 V,1000 Ω,50 kΩ,40 Hz,47 μFµF,100 μFµF,1 μF,NSRLL30XV2,LMR1901YG-M,0.957822786464738
1 V,1000 Ω,50 kΩ,55 Hz,47 μFµF,100 μFµF,1 μF,NSRLL30XV2,LMR1901YG-M,0.9577323444881882
1.5 V,100 Ω,5 kΩ,10 Hz,100 μFµF,100 μFµF,1 μF,NSRLL30XV2,TLV2401,0.9779637505078275
1.5 V,100 Ω,5 kΩ,25 Hz,100 μFµF,100 μFµF,1 μF,NSRLL30XV2,TLV2401,0.9822446201851829
1.5 V,100 Ω,5 kΩ,40 Hz,100 μFµF,100 μFµF,1 μF,NSRLL30XV2,TLV2401,0.981969356449559
1.5 V,100 Ω,5 kΩ,55 Hz,100 μFµF,100 μFµF,1 μF,NSRLL30XV2,TLV2401,0.982196165567948
1.5 V,100 Ω,10 kΩ,10 Hz,100 μFµF,100 μFµF,1 μF,NSRLL30XV2,TLV2401,0.9668919459205705
1.5 V,100 Ω,10 kΩ,25 Hz,100 μFµF,100 μFµF,1 μF,NSRLL30XV2,TLV2401,0.9692166419450055
1.5 V,100 Ω,10 kΩ,40 Hz,100 μFµF,100 μFµF,1 μF,NSRLL30XV2,TLV2401,0.9690095631516474
1.5 V,100 Ω,10 kΩ,55 Hz,100 μFµF,100 μFµF,1 μF,NSRLL30XV2,TLV2401,0.9689011810800896
1.5 V,100 Ω,20 kΩ,10 Hz,100 μFµF,100 μFµF,1 μF,NSRLL30XV2,TLV2401,0.9448373210561395
1.5 V,100 Ω,20 kΩ,25 Hz,100 μFµF,100 μFµF,1 μF,NSRLL30XV2,TLV2401,0.9442882271573401
1.5 V,100 Ω,20 kΩ,40 Hz,47 μFµF,100 μFµF,1 μF,NSRLL30XV2,TLV2401,0.9439110006208677
1.5 V,100 Ω,20 kΩ,55 Hz,100 μFµF,100 μFµF,1 μF,NSRLL30XV2,TLV2401,0.9437814446170548
1.5 V,100 Ω,50 kΩ,10 Hz,100 μFµF,100 μFµF,1 μF,NSRLL30XV2,TLV2401,0.8812094965225453
1.5 V,100 Ω,50 kΩ,25 Hz,100 μFµF,100 μFµF,1 μF,NSRLL30XV2,TLV2401,0.8770265173288736
1.5 V,100 Ω,50 kΩ,40 Hz,100 μFµF,100 μFµF,1 μF,NSRLL30XV2,TLV2401,0.8762371424788516
1.5 V,100 Ω,50 kΩ,55 Hz,47 μFµF,100 μFµF,1 μF,NSRLL30XV2,TLV2401,0.8753453542261309
1.5 V,200 Ω,5 kΩ,10 Hz,100 μFµF,100 μFµF,1 μF,NSRLL30XV2,TLV2401,0.9764699702480296
1.5 V,200 Ω,5 kΩ,25 Hz,100 μFµF,100 μFµF,1 μF,NSRLL30XV2,TLV2401,0.9798507167772778
1.5 V,200 Ω,5 kΩ,40 Hz,100 μFµF,100 μFµF,1 μF,NSRLL30XV2,TLV2401,0.9796904873071024
1.5 V,200 Ω,5 kΩ,55 Hz,100 μFµF,100 μFµF,1 μF,NSRLL30XV2,TLV2401,0.9799010009592259
1.5 V,200 Ω,10 kΩ,10 Hz,100 μFµF,100 μFµF,1 μF,NSRLL30XV2,TLV2401,0.965099860917819
1.5 V,200 Ω,10 kΩ,25 Hz,100 μFµF,100 μFµF,1 μF,NSRLL30XV2,TLV2401,0.9663120785654207
1.5 V,200 Ω,10 kΩ,40 Hz,100 μFµF,100 μFµF,1 μF,NSRLL30XV2,TLV2401,0.9661482447494099
1.5 V,200 Ω,10 kΩ,55 Hz,100 μFµF,100 μFµF,1 μF,NSRLL30XV2,TLV2401,0.9661534527785238
1.5 V,200 Ω,20 kΩ,10 Hz,100 μFµF,100 μFµF,1 μF,NSRLL30XV2,TLV2401,0.941861581229719
1.5 V,200 Ω,20 kΩ,25 Hz,100 μFµF,100 μFµF,1 μF,NSRLL30XV2,TLV2401,0.9408259138920361
1.5 V,200 Ω,20 kΩ,40 Hz,100 μFµF,100 μFµF,1 μF,NSRLL30XV2,TLV2401,0.9405500031193207
1.5 V,200 Ω,20 kΩ,55 Hz,47 μFµF,100 μFµF,1 μF,NSRLL30XV2,TLV2401,0.9401839402968621
1.5 V,200 Ω,50 kΩ,10 Hz,100 μFµF,100 μFµF,1 μF,NSRLL30XV2,TLV2401,0.8781553775817372
1.5 V,200 Ω,50 kΩ,25 Hz,100 μFµF,47 μFµF,1 μF,NSRLL30XV2,TLV2401,0.8728557631830075
1.5 V,200 Ω,50 kΩ,40 Hz,100 μFµF,100 μFµF,1 μF,NSRLL30XV2,TLV2401,0.8722350181059634
1.5 V,200 Ω,50 kΩ,55 Hz,47 μFµF,100 μFµF,1 μF,NSRLL30XV2,TLV2401,0.8714806257590337
1.5 V,500 Ω,5 kΩ,40 Hz,100 μFµF,100 μFµF,1 μF,NSRLL30XV2,TLV8802,0.9929583499921872
1.5 V,500 Ω,5 kΩ,55 Hz,100 μFµF,100 μFµF,1 μF,NSRLL30XV2,LMR1901YG-M,0.9953336459472637
1.5 V,500 Ω,10 kΩ,10 Hz,100 μFµF,100 μFµF,1 μF,NSRLL30XV2,TLV2401,0.9596846044489564
1.5 V,500 Ω,10 kΩ,25 Hz,100 μFµF,100 μFµF,1 μF,NSRLL30XV2,TLV2401,0.9594751721930569
1.5 V,500 Ω,10 kΩ,40 Hz,100 μFµF,100 μFµF,1 μF,NSRLL30XV2,TLV2401,0.9593755435593055
1.5 V,500 Ω,10 kΩ,55 Hz,100 μFµF,100 μFµF,1 μF,NSRLL30XV2,TLV2401,0.9593587334165857
1.5 V,500 Ω,20 kΩ,10 Hz,100 μFµF,100 μFµF,1 μF,NSRLL30XV2,TLV2401,0.935626775851226
1.5 V,500 Ω,20 kΩ,25 Hz,100 μFµF,100 μFµF,1 μF,NSRLL30XV2,TLV2401,0.933159184652945
1.5 V,500 Ω,20 kΩ,40 Hz,100 μFµF,100 μFµF,1 μF,NSRLL30XV2,TLV2401,0.9326068789530717
1.5 V,500 Ω,20 kΩ,55 Hz,100 μFµF,100 μFµF,1 μF,NSRLL30XV2,TLV2401,0.9323452831786152
1.5 V,500 Ω,50 kΩ,10 Hz,100 μFµF,100 μFµF,1 μF,NSRLL30XV2,TLV2401,0.8707013557320071
1.5 V,500 Ω,50 kΩ,25 Hz,100 μFµF,47 μFµF,1 μF,NSRLL30XV2,TLV2401,0.8637696112786208
1.5 V,500 Ω,50 kΩ,40 Hz,100 μFµF,100 μFµF,1 μF,NSRLL30XV2,TLV2401,0.8629377475441332
1.5 V,500 Ω,50 kΩ,55 Hz,100 μFµF,100 μFµF,1 μF,NSRLL30XV2,TLV2401,0.8624782916821854
1.5 V,1000 Ω,10 kΩ,25 Hz,100 μFµF,100 μFµF,4.7 μF,NSRLL30XV2,LMR1901YG-M,0.9904580556565848
1.5 V,1000 Ω,10 kΩ,40 Hz,100 μFµF,100 μFµF,1 μF,NSRLL30XV2,LMR1901YG-M,0.9910632337436782
1.5 V,1000 Ω,10 kΩ,55 Hz,100 μFµF,100 μFµF,1 μF,NSRLL30XV2,LMR1901YG-M,0.9909938565266998
1.5 V,1000 Ω,20 kΩ,10 Hz,100 μFµF,100 μFµF,1 μF,NSRLL30XV2,TLV2401,0.9264994404156525
1.5 V,1000 Ω,20 kΩ,25 Hz,100 μFµF,100 μFµF,1 μF,NSRLL30XV2,TLV2401,0.9225630231594822
1.5 V,1000 Ω,20 kΩ,40 Hz,100 μFµF,100 μFµF,1 μF,NSRLL30XV2,TLV2401,0.9219401479941685
1.5 V,1000 Ω,20 kΩ,55 Hz,100 μFµF,100 μFµF,1 μF,NSRLL30XV2,TLV2401,0.9216352514539411
1.5 V,1000 Ω,50 kΩ,10 Hz,100 μFµF,100 μFµF,1 μF,NSRLL30XV2,TLV2401,0.8603743684167416
1.5 V,1000 Ω,50 kΩ,25 Hz,47 μFµF,100 μFµF,1 μF,NSRLL30XV2,TLV2401,0.8520593702129519
1.5 V,1000 Ω,50 kΩ,40 Hz,100 μFµF,100 μFµF,1 μF,NSRLL30XV2,TLV2401,0.8506768268476841
1.5 V,1000 Ω,50 kΩ,55 Hz,47 μFµF,100 μFµF,1 μF,NSRLL30XV2,TLV2401,0.8501213731706743
